Country Name,Country Code,Indicator Name,Indicator Code,2000,2001,2002,2003,2004,2005,2006,2007,2008,2009,2010,2011,2012,2013,2014,2015,2016,2017,2018,2019,2020
Aruba,ABW,Market capitalization of listed domestic companies (% of GDP),CM.MKT.LCAP.GD.ZS,,,,,,,,,,,,,,,,,,,,,
Africa Eastern and Southern,AFE,Market capitalization of listed domestic companies (% of GDP),CM.MKT.LCAP.GD.ZS,107.444.450.141.447,855.892.884.574.434,,,153.186.739.641.313,,,,,,,,,,,,,,,,
Afghanistan,AFG,Market capitalization of listed domestic companies (% of GDP),CM.MKT.LCAP.GD.ZS,,,,,,,,,,,,,,,,,,,,,
Africa Western and Central,AFW,Market capitalization of listed domestic companies (% of GDP),CM.MKT.LCAP.GD.ZS,,,338.600.796.345.435,,,119.677.683.526.742,132.617.466.519.029,288.086.601.909.638,144.180.932.458.415,11.487.647.281.461,139.711.562.506.661,987.050.031.438.445,,164.207.605.680.153,119.540.132.572.578,115.928.109.958.683,,,,,129.413.730.635.891
Angola,AGO,Market capitalization of listed domestic companies (% of GDP),CM.MKT.LCAP.GD.ZS,,,,,,,,,,,,,,,,,,,,,
Albania,ALB,Market capitalization of listed domestic companies (% of GDP),CM.MKT.LCAP.GD.ZS,,,,,,,,,,,,,,,,,,,,,
Andorra,AND,Market capitalization of listed domestic companies (% of GDP),CM.MKT.LCAP.GD.ZS,,,,,,,,,,,,,,,,,,,,,
Arab World,ARB,Market capitalization of listed domestic companies (% of GDP),CM.MKT.LCAP.GD.ZS,,,,,,,,,,,,350.506.281.976.437,345.694.509.093.891,454.934.594.087.592,479.095.571.969.924,489.126.283.707.668,48.770.169.309.053,491.743.542.815.463,46.758.898.891.224,136.017.994.698.107,152.664.789.250.577
United Arab Emirates,ARE,Market capitalization of listed domestic companies (% of GDP),CM.MKT.LCAP.GD.ZS,,,,,,,,489.325.845.283.505,3.402.944.156.019,545.239.203.764.302,453.748.976.335.131,267.281.784.935.321,263.456.194.495.341,450.565.844.898.498,486.830.034.541.182,528.995.642.695.064,577.412.832.435.683,594.350.582.624.859,541.804.946.854.299,590.490.069.877.708,843.647.226.156.973
Argentina,ARG,Market capitalization of listed domestic companies (% of GDP),CM.MKT.LCAP.GD.ZS,161.290.412.248.255,124.244.152.562.322,169.569.392.155.608,274.280.508.755.432,246.534.557.360.052,23.946.359.886.693,220.333.391.526.542,198.483.841.980.828,110.218.432.201.051,137.381.863.641.294,150.863.203.529.933,822.014.861.176.329,627.396.625.321.678,961.999.483.859.266,114.269.032.684.242,943.836.863.309.546,114.076.106.736.241,168.948.496.746.924,876.225.351.283.723,879.801.846.162.857,
Armenia,ARM,Market capitalization of listed domestic companies (% of GDP),CM.MKT.LCAP.GD.ZS,,,,,,,,,,,,,,,,,,,,,
American Samoa,ASM,Market capitalization of listed domestic companies (% of GDP),CM.MKT.LCAP.GD.ZS,,,,,,,,,,,,,,,,,,,,,
Antigua and Barbuda,ATG,Market capitalization of listed domestic companies (% of GDP),CM.MKT.LCAP.GD.ZS,,,,,,,,,,,,,,,,,,,,,
Australia,AUS,Market capitalization of listed domestic companies (% of GDP),CM.MKT.LCAP.GD.ZS,896.474.345.629.142,988.857.398.123.606,960.851.664.954.883,125.247.538.629.914,126.382.784.095.783,115.634.839.352.651,146.523.207.674.162,151.951.500.384.826,647.798.197.864.769,135.889.391.133.472,12.663.495.964.194,856.792.971.467.739,896.519.957.487.835,866.543.425.948.282,878.112.025.006.317,878.943.235.052.099,105.132.811.200.797,113.720.299.544.133,884.148.902.441.866,106.850.933.998.391,129.662.997.524.841
Austria,AUT,Market capitalization of listed domestic companies (% of GDP),CM.MKT.LCAP.GD.ZS,151.732.357.579.283,127.611.293.360.231,156.618.162.182.322,21.550.946.523.174,291.172.891.489.044,39.941.333.804.688,573.243.348.167.816,607.546.649.494.232,176.572.985.112.249,283.941.728.775.455,321.284.623.132.844,197.527.078.921.042,259.004.175.953.416,273.532.955.247.988,218.693.291.448.438,251.535.699.409.814,305.622.319.394.701,361.035.263.728.475,256.712.671.915.108,299.351.958.823.264,303.482.515.413.938
Azerbaijan,AZE,Market capitalization of listed domestic companies (% of GDP),CM.MKT.LCAP.GD.ZS,,,,,,,,,,,,,,,,,,,,,
Burundi,BDI,Market capitalization of listed domestic companies (% of GDP),CM.MKT.LCAP.GD.ZS,,,,,,,,,,,,,,,,,,,,,
Belgium,BEL,Market capitalization of listed domestic companies (% of GDP),CM.MKT.LCAP.GD.ZS,770.634.840.987.753,700.509.832.498.738,493.671.271.351.809,545.621.354.353.657,740.077.279.672.413,747.912.935.279.234,970.381.826.331.265,818.719.049.070.703,32.323.460.470.183,537.540.274.944.512,558.194.086.593.085,438.195.201.533.196,603.679.132.217.152,717.386.039.739.989,707.009.186.771.396,896.656.892.868.636,794.316.037.973.616,870.772.161.262.619,59.100.698.397.547,,
Benin,BEN,Market capitalization of listed domestic companies (% of GDP),CM.MKT.LCAP.GD.ZS,,,,,,,,,,,,,,,,,,,,,
Burkina Faso,BFA,Market capitalization of listed domestic companies (% of GDP),CM.MKT.LCAP.GD.ZS,,,,,,,,,,,,,,,,,,,,,
Bangladesh,BGD,Market capitalization of listed domestic companies (% of GDP),CM.MKT.LCAP.GD.ZS,410.752.995.306.577,181.195.893.415.529,272.129.921.496.854,,,475.154.112.600.132,536.112.381.627.573,109.691.657.816.474,127.915.600.712.093,204.228.957.652.221,36.100.974.188.099,370.804.396.650.417,,341.078.535.226.789,395.972.690.908.906,335.684.532.787.807,265.496.845.094.005,293.369.704.325.229,240.807.460.088.304,183.398.257.428.043,24.009.931.170.376
Bulgaria,BGR,Market capitalization of listed domestic companies (% of GDP),CM.MKT.LCAP.GD.ZS,974.559.072.785.377,579.548.950.181.445,439.942.736.608.299,830.041.688.020.915,10.719.387.418.526,170.266.139.881.172,300.314.330.291.847,487.649.985.302.661,163.001.216.274.389,166.330.943.624.182,145.334.956.211.315,14.294.879.221.733,,,,,,,,232.181.276.220.444,251.554.026.471.791
Bahrain,BHR,Market capitalization of listed domestic companies (% of GDP),CM.MKT.LCAP.GD.ZS,730.930.582.659.604,735.222.293.003.066,780.116.950.650.456,869.250.729.444.086,102.970.993.799.121,108.742.693.829.694,114.145.707.760.654,124.658.766.682.006,775.832.300.642.372,708.975.297.892.002,780.131.387.570.993,57.650.842.883.549,,,660.947.641.268.208,619.989.509.243.651,601.650.841.222.676,611.893.688.325.359,578.347.625.090.811,695.471.471.318.735,71.076.849.031.561
"Bahamas, The",BHS,Market capitalization of listed domestic companies (% of GDP),CM.MKT.LCAP.GD.ZS,,,,,,,,,,,,,,,,,,,,,
Bosnia and Herzegovina,BIH,Market capitalization of listed domestic companies (% of GDP),CM.MKT.LCAP.GD.ZS,,,,,,,,,,,,,,,,,,,,,
Belarus,BLR,Market capitalization of listed domestic companies (% of GDP),CM.MKT.LCAP.GD.ZS,,,,,,,,,,,,,,,729.335.975.629.507,945.905.575.562.598,259.567.869.044.609,,,,
Belize,BLZ,Market capitalization of listed domestic companies (% of GDP),CM.MKT.LCAP.GD.ZS,,,,,,,,,,,,,,,,,,,,,
Bermuda,BMU,Market capitalization of listed domestic companies (% of GDP),CM.MKT.LCAP.GD.ZS,616.627.861.637.443,695.017.474.608.632,546.831.425.561.334,692.865.801.589.624,412.388.512.684.118,436.466.853.021.362,440.027.669.270.833,403.592.433.870.253,273.972.779.369.627,20.435.546.875,231.357.899.569.615,195.216.271.475.984,233.122.636.084.104,226.887.621.493.913,249.685.531.061.174,278.005.650.577.553,365.458.141.628.288,38.065.943.875.908,331.193.968.649.499,399.449.583.179.822,32.001.640.156.657
Bolivia,BOL,Market capitalization of listed domestic companies (% of GDP),CM.MKT.LCAP.GD.ZS,,,,,,,,,,,,,,,,,,,,,
Brazil,BRA,Market capitalization of listed domestic companies (% of GDP),CM.MKT.LCAP.GD.ZS,345.034.609.989.773,332.576.838.655.358,248.651.835.910.789,420.182.496.771.655,493.578.142.014.435,532.333.863.800.563,641.233.587.693.913,980.386.015.430.894,349.066.054.132.086,80.218.995.360.255,69.971.884.946.533,469.748.724.841.805,497.903.996.581.504,412.668.772.161.255,343.599.007.338.773,272.184.465.601.695,422.432.345.474.384,462.664.552.474.271,478.276.523.585.811,63.383.825.082.919,669.581.625.490.338
Barbados,BRB,Market capitalization of listed domestic companies (% of GDP),CM.MKT.LCAP.GD.ZS,557.780.683.118.157,601.505.974.791.292,,,,,,,,,4.826.897.591.293,980.638.628.368.346,,8.520.950.234.778,571.421.045.818.329,624.186.825.162.246,640.728.453.782.625,67.266.088.536.531,694.797.573.734.965,638.211.954.735.409,595.151.761.633.632
Brunei Darussalam,BRN,Market capitalization of listed domestic companies (% of GDP),CM.MKT.LCAP.GD.ZS,,,,,,,,,,,,,,,,,,,,,
Bhutan,BTN,Market capitalization of listed domestic companies (% of GDP),CM.MKT.LCAP.GD.ZS,,,,,,,,,,,,,,,,,,,,,
Botswana,BWA,Market capitalization of listed domestic companies (% of GDP),CM.MKT.LCAP.GD.ZS,168.893.284.593.426,,,,,,,,,,,,,,,,,,,,
Central African Republic,CAF,Market capitalization of listed domestic companies (% of GDP),CM.MKT.LCAP.GD.ZS,,,,,,,,,,,,,,,,,,,,,
Canada,CAN,Market capitalization of listed domestic companies (% of GDP),CM.MKT.LCAP.GD.ZS,103.500.141.588.137,832.607.526.492.622,116.831.457.041.084,101.640.345.797.861,114.690.672.619.493,126.346.747.568.222,128.913.321.846.832,148.864.363.431.601,665.588.326.938.396,122.028.302.011.667,13.424.451.997.318,106.666.121.933.061,112.667.432.969.218,114.471.175.200.682,116.041.579.457.855,102.370.078.691.396,130.466.596.582.731,143.522.053.482.469,112.322.785.927.455,13.815.815.488.345,16.032.151.198.425
Central Europe and the Baltics,CEB,Market capitalization of listed domestic companies (% of GDP),CM.MKT.LCAP.GD.ZS,134.189.402.998.216,109.492.571.610.519,13.977.108.314.763,149.678.383.243.813,228.094.616.003.328,248.181.956.945.401,343.843.442.609.131,413.773.324.324.523,153.619.445.892.346,246.863.502.663.979,271.917.359.708.471,188.905.821.568.121,,270.187.591.637.298,218.921.612.407.647,227.048.968.597.053,232.397.086.497.413,290.760.556.629.437,21.481.046.163.291,195.626.949.225.157,21.312.642.674.988
Switzerland,CHE,Market capitalization of listed domestic companies (% of GDP),CM.MKT.LCAP.GD.ZS,28.377.162.954.461,18.401.691.311.301,19.808.188.509.019,200.808.136.571.689,205.265.865.561.371,224.411.674.114.104,274.565.445.936.082,259.733.985.642.434,155.187.083.153.931,192.115.215.682.729,205.285.869.216.028,152.191.289.307.885,179.691.521.499.822,21.815.684.108.399,205.813.680.009.389,218.885.413.149.087,204.007.104.415.449,242.591.347.670.345,198.626.638.193.698,254.301.608.931.646,270.518.451.944.154
Channel Islands,CHI,Market capitalization of listed domestic companies (% of GDP),CM.MKT.LCAP.GD.ZS,396.105.197.368.421,728.552.586.605.081,398.939.379.217.274,310.068.748.608.328,215.463.741.438.356,608.727.085.478.888,152.926.162.768.587,,,,,,,,,,,,,,
Chile,CHL,Market capitalization of listed domestic companies (% of GDP),CM.MKT.LCAP.GD.ZS,771.895.968.604.588,787.358.378.718.759,708.824.741.290.226,113.094.153.889.894,118.010.717.225.024,111.591.704.774.505,113.376.703.883.859,123.379.113.179.655,733.638.385.417.982,134.606.400.742.625,157.434.511.605.047,107.588.509.850.411,11.727.304.161.311,956.393.677.690.423,89.915.496.986.898,784.967.526.424.163,852.310.053.234.534,106.625.588.389.593,848.806.073.269.207,731.764.979.795.755,726.297.717.462.416
China,CHN,Market capitalization of listed domestic companies (% of GDP),CM.MKT.LCAP.GD.ZS,,,,30.897.112.614.037,228.972.302.072.639,175.791.366.215.622,41.620.840.543.929,126.153.613.775.831,387.168.839.150.393,700.385.891.663.919,661.691.053.066.835,451.842.390.477.336,433.344.538.728.305,412.638.381.584.877,573.230.503.598.208,74.022.195.327.648,651.698.899.150.232,707.629.540.929.156,455.194.089.391.839,59.632.515.215.274,831.609.399.539.387
Cote d'Ivoire,CIV,Market capitalization of listed domestic companies (% of GDP),CM.MKT.LCAP.GD.ZS,263.205.614.812.173,585.483.972.196.085,728.194.353.533.492,776.458.250.930.341,88.583.964.483.064,970.344.837.969.436,1.643.602.735.302,288.774.121.815.882,207.985.798.148.166,180.729.003.913.812,204.890.568.497.113,171.353.615.077.608,,276.398.150.356.254,239.755.925.134.934,272.684.242.934.746,255.406.546.909.515,237.766.952.317.437,144.445.573.583.136,135.230.977.884.247,116.403.108.176.418
Cameroon,CMR,Market capitalization of listed domestic companies (% of GDP),CM.MKT.LCAP.GD.ZS,,,,,,,,,,,,,,,,,,,,,
"Congo, Dem. Rep.",COD,Market capitalization of listed domestic companies (% of GDP),CM.MKT.LCAP.GD.ZS,,,,,,,,,,,,,,,,,,,,,
"Congo, Rep.",COG,Market capitalization of listed domestic companies (% of GDP),CM.MKT.LCAP.GD.ZS,,,,,,,,,,,,,,,,,,,,,
Colombia,COL,Market capitalization of listed domestic companies (% of GDP),CM.MKT.LCAP.GD.ZS,,,,,,346.844.965.843.913,347.384.214.129.495,4.943.809.291.479,361.710.097.864.041,604.468.215.075.215,727.758.488.044.793,600.942.928.397.654,707.061.026.107.804,530.480.485.677.286,38.491.592.506.046,292.871.156.865.091,367.213.432.955.425,389.516.295.846.396,310.738.880.028.091,408.753.318.962.488,393.539.972.133.076
Comoros,COM,Market capitalization of listed domestic companies (% of GDP),CM.MKT.LCAP.GD.ZS,,,,,,,,,,,,,,,,,,,,,
Cabo Verde,CPV,Market capitalization of listed domestic companies (% of GDP),CM.MKT.LCAP.GD.ZS,,,,,,,,,,,,,,,,,,,,,
Costa Rica,CRI,Market capitalization of listed domestic companies (% of GDP),CM.MKT.LCAP.GD.ZS,,,,3.013.531.827.231,837.318.749.280.863,753.588.614.603.866,827.543.599.299.201,81.154.707.770.548,618.578.592.661.254,477.621.038.296.345,383.689.099.439.273,350.404.212.967.306,,382.724.763.994.745,490.491.376.236.915,416.980.847.861.067,49.582.799.954.545,497.514.339.995.621,384.670.563.007.633,344.214.558.034.957,304.713.741.354.195
Caribbean small states,CSS,Market capitalization of listed domestic companies (% of GDP),CM.MKT.LCAP.GD.ZS,,,,,,,,,,,,,,,,,,,,,
Cuba,CUB,Market capitalization of listed domestic companies (% of GDP),CM.MKT.LCAP.GD.ZS,,,,,,,,,,,,,,,,,,,,,
Curacao,CUW,Market capitalization of listed domestic companies (% of GDP),CM.MKT.LCAP.GD.ZS,,,,,,,,,,,,,,,,,,,,,
Cayman Islands,CYM,Market capitalization of listed domestic companies (% of GDP),CM.MKT.LCAP.GD.ZS,,,,,,,376.164.656.776.716,369.435.128.914.582,346.711.228.282.927,394.701.690.972.722,57.255.014.233.864,543.683.761.107.692,467.561.851.018.296,,,670.388.248.517.611,,,791.746.595.677.648,637.927.627.396.308,114.094.976.395.688
Cyprus,CYP,Market capitalization of listed domestic companies (% of GDP),CM.MKT.LCAP.GD.ZS,,,,,,,804.971.453.282.115,719.740.908.572.551,286.874.352.747.268,395.787.818.077.948,264.895.960.602.958,103.225.753.015.108,796.788.234.572.725,878.445.562.022.243,173.556.154.356.938,135.233.493.064.486,11.932.334.208.365,122.998.390.525.651,129.446.849.701.745,165.150.815.996.549,187.664.349.464.087
Czechia,CZE,Market capitalization of listed domestic companies (% of GDP),CM.MKT.LCAP.GD.ZS,157.644.922.547.102,120.192.549.510.764,124.779.116.797.678,154.937.132.124.081,224.441.302.309.328,254.379.110.663.214,28.395.580.624,362.349.876.732.928,172.759.383.641.779,,,,,,,,,,,104.190.416.274.857,10.819.655.555.285
Germany,DEU,Market capitalization of listed domestic companies (% of GDP),CM.MKT.LCAP.GD.ZS,652.081.577.684.527,550.803.629.181.818,330.054.678.893.422,43.132.747.814.909,424.437.311.528.287,42.226.681.387.933,546.835.335.229.854,614.552.517.757.464,296.529.057.027.698,378.849.706.732.121,420.546.690.352.813,315.924.418.947.815,421.393.385.651.555,518.534.428.477.352,447.029.432.618.612,511.022.095.463.096,494.557.341.654.912,61.292.739.868.733,441.614.745.316.045,539.622.416.653.754,587.224.491.719.646
Djibouti,DJI,Market capitalization of listed domestic companies (% of GDP),CM.MKT.LCAP.GD.ZS,,,,,,,,,,,,,,,,,,,,,
Dominica,DMA,Market capitalization of listed domestic companies (% of GDP),CM.MKT.LCAP.GD.ZS,,,,,,,,,,,,,,,,,,,,,
Denmark,DNK,Market capitalization of listed domestic companies (% of GDP),CM.MKT.LCAP.GD.ZS,681.165.386.625.965,516.687.503.414.718,429.646.695.123.394,557.738.101.157.349,602.088.424.432.982,,,,,,,,,,,,,,,,
Dominican Republic,DOM,Market capitalization of listed domestic companies (% of GDP),CM.MKT.LCAP.GD.ZS,,,,,,,,,,,,,,,,,,,,,
Algeria,DZA,Market capitalization of listed domestic companies (% of GDP),CM.MKT.LCAP.GD.ZS,520.704.381.116.401,345.522.832.415.093,242.866.028.378.777,21.023.647.946.695,163.000.120.159.034,137.335.891.495.699,805.768.810.417.246,716.146.163.350.916,5.340.004.485.792,656.346.834.730.952,653.893.830.073.817,983.926.641.440.234,79.793.557.695.145,843.049.599.638.206,787.095.365.488.041,867.697.313.446.916,258.806.928.949.371,207.613.309.779.139,212.347.336.052.442,,
East Asia & Pacific (excluding high income),EAP,Market capitalization of listed domestic companies (% of GDP),CM.MKT.LCAP.GD.ZS,,,,388.596.155.151.271,32.598.347.940.715,276.310.469.834.151,477.209.000.450.306,115.728.548.892.852,379.357.952.028.975,684.147.681.064.318,67.619.070.968.799,489.610.850.655.455,494.178.739.149.296,461.109.498.321.251,602.722.981.914.656,725.589.034.418.773,656.994.675.148.285,723.076.168.743.386,492.185.679.059.535,613.248.668.125.835,81.819.719.048.878
Early-demographic dividend,EAR,Market capitalization of listed domestic companies (% of GDP),CM.MKT.LCAP.GD.ZS,305.797.299.854.511,23.504.744.654.807,253.573.016.573.031,363.726.279.286.575,449.634.899.994.983,515.942.823.932.953,616.455.773.988.215,832.955.334.616.543,372.921.095.037.285,641.016.022.021.634,668.140.083.532.312,476.819.825.404.862,549.440.032.262.347,548.955.271.463.421,573.485.024.559.308,543.891.836.470.419,55.472.979.467.374,663.210.956.376.569,57.329.079.439.111,818.039.559.269.445,104.907.855.435.864
East Asia & Pacific,EAS,Market capitalization of listed domestic companies (% of GDP),CM.MKT.LCAP.GD.ZS,697.552.576.147.935,629.064.279.699.833,598.437.556.068.339,70.353.925.201.475,747.833.847.642.783,856.050.466.721.752,101.810.020.479.779,13.206.340.911.398,604.234.094.454.773,919.555.503.048.476,94.790.363.796.638,706.277.541.091.363,75.133.619.782.089,819.717.247.379.672,892.566.308.567.335,992.149.815.232.745,938.639.839.318.612,110.279.770.956.304,828.541.409.106.649,995.948.340.284.776,12.432.186.635.669
Europe & Central Asia (excluding high income),ECA,Market capitalization of listed domestic companies (% of GDP),CM.MKT.LCAP.GD.ZS,,,,,,,,,,500.994.256.859.932,496.330.775.529.611,311.070.340.839.464,353.799.044.937.553,275.922.859.987.519,186.917.521.628.645,243.486.476.982.811,346.280.254.916.831,332.472.332.961.003,279.239.033.424.844,383.727.927.533.049,405.371.066.563.708
Europe & Central Asia,ECS,Market capitalization of listed domestic companies (% of GDP),CM.MKT.LCAP.GD.ZS,95.644.787.856.595,763.818.562.364.246,590.592.865.422.566,66.866.933.678.206,685.684.995.159.622,71.938.921.412.887,89.128.828.007.584,889.096.209.288.383,413.189.122.740.358,637.874.288.406.056,632.562.366.467.599,507.762.432.081.991,609.986.312.818.928,688.607.884.809.255,603.996.441.682.507,622.593.414.355.946,632.461.758.811.731,740.062.961.314.464,,,
Ecuador,ECU,Market capitalization of listed domestic companies (% of GDP),CM.MKT.LCAP.GD.ZS,40.757.834.072.591,,,,,,,,,,,,,,,,,,,,
"Egypt, Arab Rep.",EGY,Market capitalization of listed domestic companies (% of GDP),CM.MKT.LCAP.GD.ZS,,,,,,,87.033.236.198.802,106.774.079.068.206,528.061.848.129.537,482.203.457.493.763,384.854.411.818.333,206.999.185.106.848,212.033.092.494.178,213.669.771.285.745,229.334.760.798.122,167.569.735.013.708,100.237.151.349.692,187.411.743.209.606,159.967.130.320.175,138.697.170.478.913,107.736.471.638.007
Euro area,EMU,Market capitalization of listed domestic companies (% of GDP),CM.MKT.LCAP.GD.ZS,798.973.932.786.977,638.937.329.494.995,471.057.301.348.751,546.263.116.716.187,572.479.233.016.292,597.291.785.846.222,768.302.943.131.779,803.055.069.570.558,362.494.997.884.069,529.359.921.752.561,523.036.784.664.086,406.968.671.412.331,49.933.434.648.905,60.115.676.697.809,533.693.874.711.602,64.948.247.447.341,638.201.047.839.327,774.219.367.366.431,545.380.843.749.251,,
Eritrea,ERI,Market capitalization of listed domestic companies (% of GDP),CM.MKT.LCAP.GD.ZS,,,,,,,,,,,,,,,,,,,,,
Spain,ESP,Market capitalization of listed domestic companies (% of GDP),CM.MKT.LCAP.GD.ZS,842.664.161.769.829,745.748.320.510.165,651.224.030.644.699,800.275.651.567.336,879.910.094.260.644,83.201.631.727.559,104.960.042.277.707,12.210.521.234.093,581.146.826.157.356,96.182.803.401.811,823.864.864.978.961,696.278.950.535.534,751.151.458.845.547,823.677.991.899.119,723.792.640.929.706,658.101.159.714.713,57.115.519.412.581,676.825.235.591.143,509.031.151.346.591,571.809.777.150.496,594.515.931.070.152
Estonia,EST,Market capitalization of listed domestic companies (% of GDP),CM.MKT.LCAP.GD.ZS,,,,,,,,,,,,,,,,,,,,,
Ethiopia,ETH,Market capitalization of listed domestic companies (% of GDP),CM.MKT.LCAP.GD.ZS,,,,,,,,,,,,,,,,,,,,,
European Union,EUU,Market capitalization of listed domestic companies (% of GDP),CM.MKT.LCAP.GD.ZS,784.568.380.984.393,623.198.680.298.321,458.943.881.543.655,536.905.845.271.224,554.433.796.833.875,575.366.715.238.942,739.956.454.050.725,774.753.033.823.635,34.536.132.882.138,512.621.452.888.157,507.995.683.463.124,39.316.414.433.967,490.547.761.081.431,581.409.736.992.224,514.122.177.949.224,615.619.909.017.675,606.390.102.279.211,73.458.997.430.647,514.786.800.202.414,,
Fragile and conflict affected situations,FCS,Market capitalization of listed domestic companies (% of GDP),CM.MKT.LCAP.GD.ZS,,,,,,,,,,,,,,,,,,,,,
Finland,FIN,Market capitalization of listed domestic companies (% of GDP),CM.MKT.LCAP.GD.ZS,263.023.489.073.306,15.742.330.608.123,108.810.360.994.918,109.309.940.448.425,103.019.988.258.362,,,,,,,,,,,,,,,,
Fiji,FJI,Market capitalization of listed domestic companies (% of GDP),CM.MKT.LCAP.GD.ZS,,,,,,,,,,,,,,,,,,,,,
France,FRA,Market capitalization of listed domestic companies (% of GDP),CM.MKT.LCAP.GD.ZS,10.593.088.070.984,852.652.518.516.862,644.071.544.355.359,73.510.025.121.304,735.556.365.841.485,800.435.615.798.352,104.641.838.714.103,10.299.745.268.657,502.475.845.553.422,720.572.491.777.284,7.226.387.973.887,542.363.527.039.572,673.774.179.817.877,818.344.930.845.191,730.364.753.600.179,856.152.440.629.774,873.060.139.177.287,105.940.445.709.007,847.720.097.245.601,,
Faroe Islands,FRO,Market capitalization of listed domestic companies (% of GDP),CM.MKT.LCAP.GD.ZS,,,,,,,,,,,,,,,,,,,,,
"Micronesia, Fed. Sts.",FSM,Market capitalization of listed domestic companies (% of GDP),CM.MKT.LCAP.GD.ZS,,,,,,,,,,,,,,,,,,,,,
Gabon,GAB,Market capitalization of listed domestic companies (% of GDP),CM.MKT.LCAP.GD.ZS,,,,,,,,,,,,,,,,,,,,,
United Kingdom,GBR,Market capitalization of listed domestic companies (% of GDP),CM.MKT.LCAP.GD.ZS,154.676.825.247.855,130.370.339.041.825,10.394.298.140.457,117.947.031.170.342,116.214.321.336.038,120.173.160.872.401,139.534.648.208.639,124.360.370.899.668,63.722.868.756.244,115.671.905.357.621,107.846.334.676.266,109.969.905.690.699,12.162.695.536.518,141.652.484.557.313,116.497.010.961.135,,,,,,
Georgia,GEO,Market capitalization of listed domestic companies (% of GDP),CM.MKT.LCAP.GD.ZS,,,,,,,,,,,,,,,,,,,,,
Ghana,GHA,Market capitalization of listed domestic companies (% of GDP),CM.MKT.LCAP.GD.ZS,100.344.199.589.129,526.823.631.261.097,567.610.780.380.681,838.495.245.415.455,540.454.156.233.891,567.729.019.664.997,363.896.799.648.118,967.196.077.150.113,991.785.623.871.593,931.723.103.348.805,915.498.546.477.754,787.689.997.956.728,,,,,,,,,132.024.861.744.879
Gibraltar,GIB,Market capitalization of listed domestic companies (% of GDP),CM.MKT.LCAP.GD.ZS,,,,,,,,,,,,,,,,,,,,,
Guinea,GIN,Market capitalization of listed domestic companies (% of GDP),CM.MKT.LCAP.GD.ZS,,,,,,,,,,,,,,,,,,,,,
"Gambia, The",GMB,Market capitalization of listed domestic companies (% of GDP),CM.MKT.LCAP.GD.ZS,,,,,,,,,,,,,,,,,,,,,
Guinea-Bissau,GNB,Market capitalization of listed domestic companies (% of GDP),CM.MKT.LCAP.GD.ZS,,,,,,,,,,,,,,,,,,,,,
Equatorial Guinea,GNQ,Market capitalization of listed domestic companies (% of GDP),CM.MKT.LCAP.GD.ZS,,,,,,,,,,,,,,,,,,,,,
Greece,GRC,Market capitalization of listed domestic companies (% of GDP),CM.MKT.LCAP.GD.ZS,,621.762.660.131.815,433.874.457.628.042,526.973.346.341.978,51.975.339.689.439,585.458.367.390.391,733.681.009.896.472,830.851.267.056.093,253.435.790.321.484,339.962.300.737.519,227.467.997.140.143,119.361.746.887.583,18.541.783.444.128,345.716.121.495.808,23.424.236.516.312,215.038.949.084.735,192.406.966.558.081,25.322.229.933.508,180.952.369.831.882,26.139.900.762.028,269.877.576.916.706
Grenada,GRD,Market capitalization of listed domestic companies (% of GDP),CM.MKT.LCAP.GD.ZS,,,,,,,,,,,,,,,,,,,,,
Greenland,GRL,Market capitalization of listed domestic companies (% of GDP),CM.MKT.LCAP.GD.ZS,,,,,,,,,,,,,,,,,,,,,
Guatemala,GTM,Market capitalization of listed domestic companies (% of GDP),CM.MKT.LCAP.GD.ZS,,,,,,,,,,,,,,,,,,,,,
Guam,GUM,Market capitalization of listed domestic companies (% of GDP),CM.MKT.LCAP.GD.ZS,,,,,,,,,,,,,,,,,,,,,
Guyana,GUY,Market capitalization of listed domestic companies (% of GDP),CM.MKT.LCAP.GD.ZS,,,,,,,,,,,,,,,,,,,,,
High income,HIC,Market capitalization of listed domestic companies (% of GDP),CM.MKT.LCAP.GD.ZS,109.888.310.390.398,960.043.457.429.339,778.516.685.276.759,924.969.223.226.225,981.575.949.535.905,103.410.452.528.366,118.307.047.737.589,118.513.364.433.273,618.224.483.847.448,897.885.488.799.118,963.133.511.027.175,793.975.420.897.349,921.218.617.695.796,110.857.890.820.948,110.486.943.819.351,115.247.918.526.136,119.087.665.432.101,138.187.061.340.462,117.351.416.121.214,140.127.349.923.742,168.745.785.155.551
"Hong Kong SAR, China",HKG,Market capitalization of listed domestic companies (% of GDP),CM.MKT.LCAP.GD.ZS,363.139.593.313.451,298.736.712.999.057,278.363.724.970.536,442.788.874.856.864,509.440.625.336.289,581.044.976.760.556,886.118.479.347.693,12.544.679.947.098,605.972.321.574.239,107.692.901.153.341,118.585.192.030.919,908.616.284.735.038,107.830.711.175.286,112.470.520.227.002,110.925.367.926.513,102.941.894.753.261,99.521.049.131.838,127.478.907.474.258,10.558.162.420.184,134.937.423.680.139,177.722.631.607.139
Honduras,HND,Market capitalization of listed domestic companies (% of GDP),CM.MKT.LCAP.GD.ZS,,,,,,,,,,,,,,,,,,,,,
Heavily indebted poor countries (HIPC),HPC,Market capitalization of listed domestic companies (% of GDP),CM.MKT.LCAP.GD.ZS,,,,,,,,,,,,,,,,,,,,,
Croatia,HRV,Market capitalization of listed domestic companies (% of GDP),CM.MKT.LCAP.GD.ZS,124.030.674.712.843,135.604.912.701.667,303.086.759.517.316,173.755.751.305.501,261.822.252.227.607,286.909.402.162.762,585.586.751.705.129,118.674.164.134.344,396.922.177.947.555,429.744.268.541.969,436.097.376.025.421,360.358.799.791.654,,361.920.642.437.516,338.378.150.342.138,362.903.289.374.156,38.519.583.488.459,406.968.611.243.052,334.401.243.767.381,366.191.557.527.856,385.770.300.022.439
Haiti,HTI,Market capitalization of listed domestic companies (% of GDP),CM.MKT.LCAP.GD.ZS,,,,,,,,,,,,,,,,,,,,,
Hungary,HUN,Market capitalization of listed domestic companies (% of GDP),CM.MKT.LCAP.GD.ZS,,,192.117.847.236.461,195.378.967.584.842,274.660.290.139.012,287.742.573.180.902,362.392.652.803.656,329.529.355.415.374,116.629.350.374.689,229.166.061.175.963,209.633.717.706.844,132.257.788.467.192,161.163.654.451.788,145.907.873.715.529,102.906.363.919.056,141.298.723.416.185,175.362.628.619.666,220.483.375.093.405,180.203.992.973.501,200.502.607.622.863,177.900.826.177.639
IBRD only,IBD,Market capitalization of listed domestic companies (% of GDP),CM.MKT.LCAP.GD.ZS,,,,373.971.720.703.965,400.944.672.024.522,421.198.604.712.118,564.803.294.871.193,96.828.377.858.545,370.552.810.233.577,671.234.385.490.733,667.701.806.777.828,465.111.544.607.747,503.076.584.409.997,463.755.975.950.958,514.071.512.872.925,588.426.072.410.602,582.962.688.341.154,656.800.370.955.094,495.797.737.837.677,600.490.712.866.123,792.697.695.565.132
IDA & IBRD total,IBT,Market capitalization of listed domestic companies (% of GDP),CM.MKT.LCAP.GD.ZS,,,,371.551.233.110.216,393.349.105.070.068,409.527.099.179.294,544.211.885.239.624,934.885.989.070.178,359.630.210.812.669,64.899.856.941.409,648.440.371.288.386,452.907.511.691.464,494.793.000.318.333,455.569.552.178.287,503.073.851.767.043,574.822.470.185.867,569.288.426.168.285,642.745.057.677.383,485.358.547.325.988,584.333.029.467.299,767.437.298.460.228
IDA total,IDA,Market capitalization of listed domestic companies (% of GDP),CM.MKT.LCAP.GD.ZS,,,,,,,,,,,,,,,,,,,,,
IDA blend,IDB,Market capitalization of listed domestic companies (% of GDP),CM.MKT.LCAP.GD.ZS,,,,,262.486.758.609.764,250.786.885.227.361,236.300.348.819.171,383.173.791.938.893,167.741.397.736.654,179.049.058.277.172,18.886.939.960.724,136.224.850.608.175,,,,,,,,,
Indonesia,IDN,Market capitalization of listed domestic companies (% of GDP),CM.MKT.LCAP.GD.ZS,16.247.930.892.193,143.336.226.195.031,153.668.946.554.687,23.281.716.735.324,285.202.971.402.515,284.844.556.307.699,380.958.837.988.796,489.784.294.541.295,193.561.460.935.054,39.834.952.351.151,477.275.709.758.114,436.864.935.215.941,466.539.488.618.797,379.906.455.128.788,473.866.252.650.605,410.372.565.497.724,456.892.490.759.654,512.679.273.585.554,467.024.095.554.745,467.627.486.501.088,468.423.380.917.428
IDA only,IDX,Market capitalization of listed domestic companies (% of GDP),CM.MKT.LCAP.GD.ZS,,,,,,,,,,,,,,,,,,,,,
Isle of Man,IMN,Market capitalization of listed domestic companies (% of GDP),CM.MKT.LCAP.GD.ZS,,,,,,,,,,,,,,,,,,,,,
India,IND,Market capitalization of listed domestic companies (% of GDP),CM.MKT.LCAP.GD.ZS,481.748.101.815.618,306.466.966.849.938,334.381.380.651.978,508.466.879.607.618,585.976.426.848.988,761.523.157.763.088,952.151.519.569.673,161.239.452.391.692,660.031.038.088.652,101.894.485.677.319,105.182.952.753.144,682.700.641.693.541,760.772.436.935.056,681.342.668.655.487,827.172.081.707.609,829.615.375.907.362,760.981.247.160.175,963.987.783.686.029,84.438.399.111.364,806.502.834.099.239,971.503.992.397.867
Not classified,INX,Market capitalization of listed domestic companies (% of GDP),CM.MKT.LCAP.GD.ZS,,,,,,,,,,,,,,,,,,,,,
Ireland,IRL,Market capitalization of listed domestic companies (% of GDP),CM.MKT.LCAP.GD.ZS,817.128.056.928.102,688.615.762.422.796,466.091.352.393.398,516.608.863.548.026,586.943.399.653.274,538.454.695.742.462,703.200.344.608.808,532.825.992.091.305,179.670.954.099.836,259.221.418.981.492,272.035.245.435.041,453.521.964.329.766,48.304.652.806.855,713.778.913.416.536,553.556.853.724.256,438.724.280.522.265,400.642.398.311.123,435.683.510.133.856,285.568.823.199.209,,
"Iran, Islamic Rep.",IRN,Market capitalization of listed domestic companies (% of GDP),CM.MKT.LCAP.GD.ZS,243.500.722.227.639,581.755.414.739.133,914.315.621.351.955,179.388.547.961.919,224.161.493.566.156,160.917.977.083.023,136.367.737.192.291,125.428.172.893.503,118.138.337.732.858,142.132.475.361.307,177.978.973.608.346,17.103.336.001.801,141.289.957.271.618,701.691.913.220.065,253.351.020.403.814,219.072.048.151.356,220.563.341.389.791,218.500.642.910.868,437.779.492.877.167,113.051.894.799.906,508.223.561.951.174
Iraq,IRQ,Market capitalization of listed domestic companies (% of GDP),CM.MKT.LCAP.GD.ZS,,,,,,,,,,,,,,,,,,,,,
Iceland,ISL,Market capitalization of listed domestic companies (% of GDP),CM.MKT.LCAP.GD.ZS,,,,,,,,,,,,,,,,,,,,,
Israel,ISR,Market capitalization of listed domestic companies (% of GDP),CM.MKT.LCAP.GD.ZS,490.631.727.277.193,428.231.162.043.934,336.890.152.560.297,53.442.207.571.337,656.239.496.604.954,833.387.270.576.982,101.929.524.626.601,127.711.325.607.161,488.398.657.616.757,890.388.103.675.096,954.900.580.056.403,588.243.784.034.453,61.710.398.601.333,682.831.601.674.827,637.944.041.173.207,803.863.557.597.248,664.333.296.936.076,644.945.454.402.873,497.665.561.302.415,589.785.218.960.465,634.121.513.757.194
Italy,ITA,Market capitalization of listed domestic companies (% of GDP),CM.MKT.LCAP.GD.ZS,670.078.340.184.524,451.589.641.297.605,373.658.268.281.594,389.726.870.042.564,437.057.204.698.359,429.483.104.921.806,526.533.458.841.181,484.629.468.521.748,216.754.875.402.889,29.812.248.867.879,250.484.032.214.075,188.011.983.577.132,230.875.450.886.634,28.734.085.938.818,271.651.169.196.719,,,,,,
Jamaica,JAM,Market capitalization of listed domestic companies (% of GDP),CM.MKT.LCAP.GD.ZS,394.298.120.783.592,513.174.515.514.645,621.156.915.386.972,,,,,,,,29.381.153.141.602,346.762.020.287.994,,234.090.155.816.304,211.306.020.891.172,41.578.091.859.175,459.542.623.919.333,635.079.992.034.668,766.466.835.463.435,996.000.422.798.481,847.141.806.057.328
Jordan,JOR,Market capitalization of listed domestic companies (% of GDP),CM.MKT.LCAP.GD.ZS,,,,,,,,238.675.645.734.802,158.414.436.440.553,129.704.176.216.911,113.748.959.577.007,920.704.602.098.967,852.468.899.811.077,747.782.575.908.316,693.527.660.333.231,659.610.703.120.991,616.003.503.237.498,576.050.492.469.371,524.316.087.593.451,472.695.936.686.233,417.753.442.150.418
Japan,JPN,Market capitalization of listed domestic companies (% of GDP),CM.MKT.LCAP.GD.ZS,635.465.690.563.746,517.640.691.192.871,494.710.877.143.585,653.403.497.735.733,727.077.474.943.828,946.483.020.695.092,10.026.960.187.836,945.667.790.247.779,61.014.281.060.687,625.028.068.033.482,664.651.241.298.202,533.500.600.588.401,554.628.538.265.445,871.619.932.991.927,894.016.616.644.297,110.123.633.038.841,990.331.516.365.327,126.202.199.426.239,105.077.091.955.864,12.096.679.808.146,133.065.944.278.386
Kazakhstan,KAZ,Market capitalization of listed domestic companies (% of GDP),CM.MKT.LCAP.GD.ZS,,,5.233.839.386.389,786.769.205.124.174,913.494.680.692.399,184.313.432.250.061,539.336.611.228.992,394.635.511.763.847,174.396.900.336.047,24.221.392.748.215,180.163.510.640.156,117.000.071.075.591,11.318.635.569.647,110.838.438.523.668,103.757.090.948.598,189.230.337.493.728,292.553.221.457.192,273.121.516.238.702,206.341.332.882.566,247.553.568.850.266,264.214.314.601.548
Kenya,KEN,Market capitalization of listed domestic companies (% of GDP),CM.MKT.LCAP.GD.ZS,988.079.812.710.977,80.494.332.531.873,108.862.080.599.053,280.637.059.062.611,241.745.169.878.422,340.699.414.926.516,440.573.641.969.557,417.564.881.993.577,302.383.441.599.028,258.973.329.075.644,318.481.974.658.236,217.681.345.891.999,,,,,,,,249.670.357.923.264,212.585.538.180.282
Kyrgyz Republic,KGZ,Market capitalization of listed domestic companies (% of GDP),CM.MKT.LCAP.GD.ZS,,,,,,,,,,,,,,,,,,,,,
Cambodia,KHM,Market capitalization of listed domestic companies (% of GDP),CM.MKT.LCAP.GD.ZS,,,,,,,,,,,,,,,,,,,,,
Kiribati,KIR,Market capitalization of listed domestic companies (% of GDP),CM.MKT.LCAP.GD.ZS,,,,,,,,,,,,,,,,,,,,,
St. Kitts and Nevis,KNA,Market capitalization of listed domestic companies (% of GDP),CM.MKT.LCAP.GD.ZS,,,,,,,,,,,,,,,,,,,,,
"Korea, Rep.",KOR,Market capitalization of listed domestic companies (% of GDP),CM.MKT.LCAP.GD.ZS,29.723.848.544.153,427.128.684.715.156,399.694.438.000.523,468.833.348.760.935,540.013.963.824.546,768.007.127.862.395,79.224.354.072.139,957.353.571.457.842,449.517.931.790.441,884.161.282.623.927,954.412.191.851.286,794.862.434.263.142,922.554.737.019.981,900.607.581.658.772,817.048.153.124.028,839.966.047.777.337,836.298.571.174.802,109.105.628.232.521,81.961.915.732.629,899.127.831.414.539,132.346.444.011.976
Kuwait,KWT,Market capitalization of listed domestic companies (% of GDP),CM.MKT.LCAP.GD.ZS,515.920.515.155.902,648.717.997.132.399,824.953.340.687.551,12.731.486.982.731,122.652.717.703.677,128.368.834.748.995,105.421.531.122.626,,,,,,,,,838.792.285.517.118,,,,867.467.432.884.013,100.035.937.034.202
Latin America & Caribbean (excluding high income),LAC,Market capitalization of listed domestic companies (% of GDP),CM.MKT.LCAP.GD.ZS,238.175.425.964.946,218.867.369.585.807,183.330.424.586.058,272.763.181.544.006,330.268.309.456.274,379.043.721.751.137,466.616.256.288.654,650.267.758.386.012,278.937.754.060.042,593.378.523.509.588,570.275.779.909.285,402.983.596.697.892,450.510.065.925.606,381.694.182.518.601,326.620.652.312.674,266.735.593.047.931,343.597.469.836.444,383.846.022.783.517,362.762.418.324.964,447.540.731.045.453,512.050.446.677.047
Lao PDR,LAO,Market capitalization of listed domestic companies (% of GDP),CM.MKT.LCAP.GD.ZS,,,,,,,,,,,,,,,,,,,,,
Lebanon,LBN,Market capitalization of listed domestic companies (% of GDP),CM.MKT.LCAP.GD.ZS,900.479.227.517.294,695.760.514.150.412,692.582.216.334.165,705.943.203.963.666,104.267.860.817.677,223.741.206.275.952,369.798.269.826.893,432.825.405.431.016,329.118.362.965.275,3.629.935.422.095,330.282.507.082.901,226.591.315.608.168,206.253.069.279.535,227.563.919.423.213,235.535.911.321.987,227.941.136.274.146,237.012.079.239.227,216.712.664.996.287,17.622.791.042.585,149.901.292.994.248,211.362.982.211.629
Liberia,LBR,Market capitalization of listed domestic companies (% of GDP),CM.MKT.LCAP.GD.ZS,,,,,,,,,,,,,,,,,,,,,
Libya,LBY,Market capitalization of listed domestic companies (% of GDP),CM.MKT.LCAP.GD.ZS,,,,,,,,,,,,,,,,,,,,,
St. Lucia,LCA,Market capitalization of listed domestic companies (% of GDP),CM.MKT.LCAP.GD.ZS,,,,,,,,,,,,,,,,,,,,,
Latin America & Caribbean,LCN,Market capitalization of listed domestic companies (% of GDP),CM.MKT.LCAP.GD.ZS,250.655.051.531.827,231.177.599.480.963,1.985.135.635.565,313.956.936.396.888,376.227.106.604.466,41.732.211.799.804,502.609.873.810.367,678.183.807.435.782,300.318.913.136.568,627.300.139.306.599,617.002.562.458.608,435.580.856.221.616,487.337.875.355.972,411.397.650.098.393,354.591.636.474.945,294.997.165.171.766,372.009.464.295.903,421.530.662.003.379,391.642.190.247.003,461.502.366.561.086,52.290.106.377.799
Least developed countries: UN classification,LDC,Market capitalization of listed domestic companies (% of GDP),CM.MKT.LCAP.GD.ZS,,,,,,,,,,,,,,,,,,,,,
Low income,LIC,Market capitalization of listed domestic companies (% of GDP),CM.MKT.LCAP.GD.ZS,,,,,,,,,,,,,,,,,,,,,
Liechtenstein,LIE,Market capitalization of listed domestic companies (% of GDP),CM.MKT.LCAP.GD.ZS,,,,,,,,,,,,,,,,,,,,,
Sri Lanka,LKA,Market capitalization of listed domestic companies (% of GDP),CM.MKT.LCAP.GD.ZS,657.738.180.204.765,845.429.088.289.169,101.618.019.388.261,143.581.383.267.086,176.987.073.622.528,234.370.194.742.134,274.713.729.467.751,233.481.121.382.007,105.270.135.168.841,226.943.592.716.511,33.978.793.480.912,286.878.935.067.913,240.946.494.175.591,244.239.075.054.047,286.750.756.399.867,244.349.031.247.448,212.229.173.491.208,2.008.929.412.278,164.825.715.967.088,176.605.558.939.198,189.268.221.331.561
Lower middle income,LMC,Market capitalization of listed domestic companies (% of GDP),CM.MKT.LCAP.GD.ZS,312.943.651.281.955,195.580.175.111.645,224.113.510.553.142,,397.090.112.505.882,46.058.447.171.985,56.561.581.193.007,938.817.410.414.633,381.330.112.601.124,576.124.436.186.328,604.264.165.338.441,405.640.289.765.875,476.128.086.034.936,483.667.709.395.622,510.067.682.447.291,514.922.404.080.801,487.953.553.526.851,632.441.038.203.864,571.564.371.563.803,6.076.783.097.398,850.332.631.342.425
Low & middle income,LMY,Market capitalization of listed domestic companies (% of GDP),CM.MKT.LCAP.GD.ZS,,,,37.377.942.013.903,389.696.355.214.205,406.536.961.851.036,543.011.535.513.024,958.069.663.975.493,366.586.951.875.052,658.029.342.503.841,65.015.998.356.968,454.002.625.172.418,490.009.150.135.214,454.123.727.154.116,506.780.379.188.701,582.767.742.332.657,576.191.429.566.249,648.749.395.940.219,490.160.559.120.031,594.844.774.794.343,785.453.026.714.125
Lesotho,LSO,Market capitalization of listed domestic companies (% of GDP),CM.MKT.LCAP.GD.ZS,,,,,,,,,,,,,,,,,,,,,
Late-demographic dividend,LTE,Market capitalization of listed domestic companies (% of GDP),CM.MKT.LCAP.GD.ZS,,,,408.991.215.005.638,389.427.108.359.862,36.921.773.539.516,532.732.097.201.622,100.772.571.559.912,358.992.656.372.805,666.340.154.899.274,650.373.932.298.228,452.428.476.889.247,469.874.122.902.105,437.834.139.350.653,49.666.652.984.119,614.777.229.990.962,598.245.481.846.199,642.130.003.384.153,46.158.468.912.204,584.705.990.746.776,759.995.096.567.155
Lithuania,LTU,Market capitalization of listed domestic companies (% of GDP),CM.MKT.LCAP.GD.ZS,,,,,,,,,,,,,,,,,,,,,
Luxembourg,LUX,Market capitalization of listed domestic companies (% of GDP),CM.MKT.LCAP.GD.ZS,160.227.163.454.684,10.618.503.430.607,103.810.625.872.821,125.839.729.117.468,143.002.348.152.922,136.037.452.036.625,185.302.514.354.961,321.935.192.395.978,113.205.111.188.361,192.864.727.063.847,179.899.215.868.867,109.613.445.974.792,117.669.179.447.441,120.608.724.378.795,918.068.202.758.411,784.586.932.657.234,978.997.356.843.592,104.454.120.441.201,696.935.060.145.384,633.486.622.212.266,696.930.045.349.604
Latvia,LVA,Market capitalization of listed domestic companies (% of GDP),CM.MKT.LCAP.GD.ZS,,,,,,,,,,,,,,,,,,,,,
"Macao SAR, China",MAC,Market capitalization of listed domestic companies (% of GDP),CM.MKT.LCAP.GD.ZS,,,,,,,,,,,,,,,,,,,,,
St. Martin (French part),MAF,Market capitalization of listed domestic companies (% of GDP),CM.MKT.LCAP.GD.ZS,,,,,,,,,,,,,,,,,,,,,
Morocco,MAR,Market capitalization of listed domestic companies (% of GDP),CM.MKT.LCAP.GD.ZS,,,,,,,,,,,685.588.527.765.902,545.853.428.291.439,490.752.919.348.196,465.108.959.303.343,442.763.581.780.484,41.596.169.498.271,51.607.240.463.017,565.616.289.225.026,479.662.574.894.908,507.408.668.153.744,54.038.848.609.192
Monaco,MCO,Market capitalization of listed domestic companies (% of GDP),CM.MKT.LCAP.GD.ZS,,,,,,,,,,,,,,,,,,,,,
Moldova,MDA,Market capitalization of listed domestic companies (% of GDP),CM.MKT.LCAP.GD.ZS,,,,,,,,,,,,,,,,,,,,,
Madagascar,MDG,Market capitalization of listed domestic companies (% of GDP),CM.MKT.LCAP.GD.ZS,,,,,,,,,,,,,,,,,,,,,
Maldives,MDV,Market capitalization of listed domestic companies (% of GDP),CM.MKT.LCAP.GD.ZS,,,,,,,,,,,,,,,,,,,,,
Middle East & North Africa,MEA,Market capitalization of listed domestic companies (% of GDP),CM.MKT.LCAP.GD.ZS,,,,,,,,,,49.627.480.021.139,472.926.123.219.504,332.469.634.456.952,324.327.511.487.941,517.873.810.149.319,460.979.488.554.968,483.695.397.746.679,464.223.101.757.071,464.606.018.365.581,467.409.246.767.285,122.970.856.778.247,16.959.037.280.289
Mexico,MEX,Market capitalization of listed domestic companies (% of GDP),CM.MKT.LCAP.GD.ZS,176.864.084.487.666,166.853.299.640.935,13.461.966.423.099,168.006.411.272.768,219.116.066.498.364,272.517.660.670.726,357.136.618.236.285,377.814.896.289.774,210.862.681.601.309,391.141.166.899.309,429.518.777.802.125,346.204.364.484.306,43.714.877.691.254,412.741.300.964.505,365.106.687.524.282,343.257.575.460.571,325.277.525.521.596,359.837.946.720.051,314.994.829.643.385,325.938.298.065.784,366.447.698.721.455
Marshall Islands,MHL,Market capitalization of listed domestic companies (% of GDP),CM.MKT.LCAP.GD.ZS,,,,,,,,,,,,,,,,,,,,,
Middle income,MIC,Market capitalization of listed domestic companies (% of GDP),CM.MKT.LCAP.GD.ZS,,,,37.377.942.013.903,389.696.355.214.205,406.536.961.851.036,543.011.535.513.024,958.069.663.975.494,366.586.951.875.052,658.029.342.503.841,65.015.998.356.968,454.002.625.172.418,490.009.150.135.214,454.123.727.154.116,506.780.379.188.701,582.767.742.332.657,576.191.429.566.249,648.749.395.940.219,490.160.559.120.031,594.945.622.611.985,785.453.026.714.125
North Macedonia,MKD,Market capitalization of listed domestic companies (% of GDP),CM.MKT.LCAP.GD.ZS,,,,,,,,,,,,,,,,,,,,,
Mali,MLI,Market capitalization of listed domestic companies (% of GDP),CM.MKT.LCAP.GD.ZS,,,,,,,,,,,,,,,,,,,,,
Malta,MLT,Market capitalization of listed domestic companies (% of GDP),CM.MKT.LCAP.GD.ZS,468.232.979.330.976,311.555.540.685.577,292.685.897.614.377,337.084.877.371.203,46.428.142.228.739,635.604.365.210.303,6.644.063.808.995,710.802.901.404.072,393.412.750.402.836,469.199.300.274.778,464.099.568.090.195,35.574.280.120.604,383.805.402.171.723,402.729.867.443.839,313.246.096.054.131,397.180.985.704.036,379.941.609.906.535,383.355.040.894.035,330.359.434.922.942,334.730.408.711.189,337.671.391.785.551
Myanmar,MMR,Market capitalization of listed domestic companies (% of GDP),CM.MKT.LCAP.GD.ZS,,,,,,,,,,,,,,,,,,,,,
Middle East & North Africa (excluding high income),MNA,Market capitalization of listed domestic companies (% of GDP),CM.MKT.LCAP.GD.ZS,,,,,,,,,,,27.249.728.325.591,203.615.103.637.175,182.161.312.731.035,40.767.802.150.006,231.107.941.338.144,206.225.484.341.662,198.598.251.498.822,22.825.147.962.323,277.610.957.364.462,,155.106.746.255.409
Montenegro,MNE,Market capitalization of listed domestic companies (% of GDP),CM.MKT.LCAP.GD.ZS,,,,,,,,,762.986.874.430.451,,777.881.372.332.971,772.178.408.261.797,926.536.090.994.015,,,,,,,,
Mongolia,MNG,Market capitalization of listed domestic companies (% of GDP),CM.MKT.LCAP.GD.ZS,,,,,,,,,,,,,,,,,,,,,
Northern Mariana Islands,MNP,Market capitalization of listed domestic companies (% of GDP),CM.MKT.LCAP.GD.ZS,,,,,,,,,,,,,,,,,,,,,
Mozambique,MOZ,Market capitalization of listed domestic companies (% of GDP),CM.MKT.LCAP.GD.ZS,,,,,,,,,,,,,,,,,,,,,
Mauritania,MRT,Market capitalization of listed domestic companies (% of GDP),CM.MKT.LCAP.GD.ZS,,,,,,,,,,,,,,,,,,,,,
Mauritius,MUS,Market capitalization of listed domestic companies (% of GDP),CM.MKT.LCAP.GD.ZS,266.479.617.010.502,212.004.098.481.393,245.902.439.850.517,325.878.236.159.708,322.085.632.024.153,358.516.273.039.353,705.455.043.959.858,971.648.357.383.694,466.648.996.660.117,721.016.882.566.254,774.992.524.242.021,681.096.406.870.469,615.330.082.829.975,727.435.850.285.453,669.338.605.079.876,602.846.218.391.869,60.093.726.819.004,710.461.642.806.236,668.277.226.004.756,596.810.947.478.202,540.267.331.918.548
Malawi,MWI,Market capitalization of listed domestic companies (% of GDP),CM.MKT.LCAP.GD.ZS,,,,,,,,,,,,,,,,,,,,,
Malaysia,MYS,Market capitalization of listed domestic companies (% of GDP),CM.MKT.LCAP.GD.ZS,120.648.371.356.983,128.234.240.269.557,124.723.589.231.054,145.926.264.838.133,145.590.826.667.342,12.576.603.015.964,144.801.541.127.682,168.065.626.314.997,819.886.076.469.566,142.995.661.386.188,16.025.915.370.208,132.781.206.804.366,148.385.392.315.382,154.786.304.579.558,135.773.548.751.149,127.084.974.494.011,119.429.688.174.555,142.826.539.691.123,110.933.970.851.222,110.619.386.389.796,129.406.107.985.392
North America,NAC,Market capitalization of listed domestic companies (% of GDP),CM.MKT.LCAP.GD.ZS,144.380.829.367.623,128.936.340.010.292,102.151.254.036.707,122.848.730.045.541,132.115.091.655.005,130.020.011.737.227,140.495.278.253.645,138.632.090.922.076,77.317.668.183.275,105.654.278.363.916,116.693.149.152.541,100.893.388.258.649,114.600.686.191.005,139.868.350.371.448,146.815.267.894.675,134.870.456.805.572,145.072.847.813.952,163.200.995.190.008,145.411.020.845.507,156.937.125.338.066,190.893.305.861.459
Namibia,NAM,Market capitalization of listed domestic companies (% of GDP),CM.MKT.LCAP.GD.ZS,773.258.700.203.979,423.068.769.578.322,247.673.309.138.469,139.981.528.545.994,139.546.857.722.529,16.739.999.844.683,197.192.973.129.376,196.376.000.335.518,565.405.348.253.327,34.781.900.545.297,102.898.045.899,920.224.325.965.206,,,,,217.956.997.922.157,226.071.805.249.874,1.799.376.224.453,208.023.039.091.148,176.418.586.911.945
New Caledonia,NCL,Market capitalization of listed domestic companies (% of GDP),CM.MKT.LCAP.GD.ZS,,,,,,,,,,,,,,,,,,,,,
Niger,NER,Market capitalization of listed domestic companies (% of GDP),CM.MKT.LCAP.GD.ZS,,,,,,,,,,,,,,,,,,,,,
Nigeria,NGA,Market capitalization of listed domestic companies (% of GDP),CM.MKT.LCAP.GD.ZS,,,249.746.211.208.266,,116.863.501.360.808,126.623.396.446.508,137.680.134.938.515,305.089.927.516.527,141.577.753.549.593,109.228.618.171.111,137.732.165.081.391,941.653.575.362.598,121.139.467.666.996,154.984.118.269.258,109.313.963.930.013,101.361.390.057.908,7.362.536.523.885,990.500.138.875.651,747.394.343.220.648,925.605.540.534.697,130.886.555.444.262
Nicaragua,NIC,Market capitalization of listed domestic companies (% of GDP),CM.MKT.LCAP.GD.ZS,,,,,,,,,,,,,,,,,,,,,
Netherlands,NLD,Market capitalization of listed domestic companies (% of GDP),CM.MKT.LCAP.GD.ZS,153.410.299.039.009,116.551.947.131.402,846.802.923.374.213,842.393.256.239.939,818.165.228.716.809,86.501.376.379.037,106.211.191.876.511,112.680.173.885.233,408.375.976.627.339,641.633.219.975.291,780.167.728.554.959,65.686.050.414.439,775.769.578.156.946,93.235.934.484.632,881.642.842.731.149,951.556.283.011.943,10.276.305.351.101,13.192.774.809.103,,,
Norway,NOR,Market capitalization of listed domestic companies (% of GDP),CM.MKT.LCAP.GD.ZS,383.620.055.757.824,398.675.983.877.766,327.538.157.669.577,418.161.342.438.199,53.315.969.573.495,616.425.045.104.322,809.571.997.897.106,881.469.545.204.436,313.832.719.367.996,585.691.382.691.891,685.040.787.178.644,440.673.663.186.473,47.343.140.061.185,504.505.324.665.449,437.220.896.457.139,499.525.952.303.215,62.340.776.578.694,714.861.425.501.006,607.978.865.898.745,723.067.416.526.895,
Nepal,NPL,Market capitalization of listed domestic companies (% of GDP),CM.MKT.LCAP.GD.ZS,,,,,,,,,,,,,,,,,,,,,
Nauru,NRU,Market capitalization of listed domestic companies (% of GDP),CM.MKT.LCAP.GD.ZS,,,,,,,,,,,,,,,,,,,,,
New Zealand,NZL,Market capitalization of listed domestic companies (% of GDP),CM.MKT.LCAP.GD.ZS,353.708.949.675.329,330.814.275.848.664,326.615.062.900.851,374.497.771.823.227,420.875.467.015.496,353.839.035.565.894,401.802.204.216.181,346.132.841.492.878,181.847.524.085.826,292.541.782.668.664,,,300.045.980.573.354,345.517.486.514.064,369.650.773.680.306,417.548.203.326.937,423.899.392.623.047,458.428.519.811.907,4.065.032.647.884,506.259.204.962.482,621.906.181.902.814
OECD members,OED,Market capitalization of listed domestic companies (% of GDP),CM.MKT.LCAP.GD.ZS,105.798.928.407.982,922.682.911.371.125,743.019.099.113.813,879.259.753.057.817,931.996.334.597.848,975.963.781.506.201,110.240.560.860.863,108.827.761.960.076,571.411.157.699.032,819.128.809.472.241,873.907.336.311.626,725.985.680.453.207,83.827.720.803.369,101.453.335.492.296,100.811.764.528.277,104.690.598.774.805,10.861.359.189.253,125.536.506.137.138,106.902.144.858.114,122.021.643.494.232,146.864.706.623.992
Oman,OMN,Market capitalization of listed domestic companies (% of GDP),CM.MKT.LCAP.GD.ZS,214.141.748.767.151,208.878.258.860.308,,,380.997.391.144.785,491.246.833.807.354,432.719.403.537.824,634.002.837.713.938,338.047.566.232.451,46.434.655.635.001,435.673.580.432.173,346.634.534.764.311,346.547.318.105.134,408.808.391.458.745,408.099.908.116.085,522.459.097.517.537,309.938.176.539.677,263.415.162.724.273,205.259.004.092.769,194.405.100.503.848,217.107.769.369.599
Other small states,OSS,Market capitalization of listed domestic companies (% of GDP),CM.MKT.LCAP.GD.ZS,,,,,,,,,,,,,,,,,,,,,
Pakistan,PAK,Market capitalization of listed domestic companies (% of GDP),CM.MKT.LCAP.GD.ZS,807.703.275.421.343,616.900.895.543.288,,,423.123.271.760.112,37.747.007.439.427,327.153.951.574.458,457.492.944.137.234,137.313.853.207.232,189.631.006.365.066,214.529.181.693.431,152.480.493.377.261,,,,,,,,,
Panama,PAN,Market capitalization of listed domestic companies (% of GDP),CM.MKT.LCAP.GD.ZS,227.078.501.785.785,208.134.475.363.784,238.142.687.433.417,235.139.799.958.247,279.923.609.748.762,364.153.936.714.567,394.197.527.489.523,338.246.870.036.652,280.856.705.654.198,284.788.279.560.758,283.557.012.534.076,307.952.226.440.512,310.266.957.212.148,275.658.499.251.095,275.550.966.118.739,243.554.660.780.377,234.234.307.354.635,241.528.261.634.945,232.527.278.038.642,247.756.126.330.371,244.162.240.308.786
Peru,PER,Market capitalization of listed domestic companies (% of GDP),CM.MKT.LCAP.GD.ZS,188.423.176.521.729,188.166.444.816.383,20.887.095.654.701,240.503.699.163.637,270.691.642.240.112,317.374.804.780.876,451.490.504.997.054,679.121.108.782.488,314.198.021.892.782,593.120.084.705.572,700.529.649.494.702,47.669.633.183.666,532.658.732.008.509,402.521.694.938.134,392.655.690.307.357,297.970.587.164.745,422.562.608.927.505,470.209.576.990.097,41.952.653.150.787,433.437.383.622.744,431.261.022.154.702
Philippines,PHL,Market capitalization of listed domestic companies (% of GDP),CM.MKT.LCAP.GD.ZS,31.051.423.150.377,269.197.132.381.752,21.952.333.673.436,266.267.941.801.574,301.066.397.808.551,370.496.445.379.901,531.532.972.015.229,659.395.248.870.812,286.473.264.080.999,490.692.147.227.805,755.009.532.607.872,70.475.930.350.533,875.519.872.240.075,765.474.089.192.304,880.185.365.193.292,779.321.772.971.426,752.409.692.983.965,884.074.425.910.333,744.303.563.999.678,730.586.758.977.888,754.082.726.328.154
Palau,PLW,Market capitalization of listed domestic companies (% of GDP),CM.MKT.LCAP.GD.ZS,,,,,,,,,,,,,,,,,,,,,
Papua New Guinea,PNG,Market capitalization of listed domestic companies (% of GDP),CM.MKT.LCAP.GD.ZS,,,,837.730.487.056.588,973.994.458.480.076,126.151.767.722.274,926.921.833.574.733,135.786.170.446.521,958.082.776.657.894,150.731.165.398.616,77.379.943.490.296,700.158.635.712.004,,137.900.539.987.335,142.629.145.859.288,791.246.703.843.401,791.536.152.008.925,739.393.416.624.411,,,
Poland,POL,Market capitalization of listed domestic companies (% of GDP),CM.MKT.LCAP.GD.ZS,181.624.015.472.295,136.280.258.455.015,142.564.767.923.642,169.951.326.975.856,276.475.415.635.864,307.136.257.319.987,431.913.604.091.568,493.263.314.933.457,170.193.993.553.643,343.303.773.485.724,400.898.249.878.692,263.636.586.345.301,358.233.899.896.905,396.583.204.348.928,31.330.315.224.287,288.757.745.779.609,295.071.990.715.414,383.867.846.217.677,272.568.125.067.286,254.369.104.463.769,296.121.906.636.389
Pre-demographic dividend,PRE,Market capitalization of listed domestic companies (% of GDP),CM.MKT.LCAP.GD.ZS,,,,,,,,,,,,,,,,,,,,,
Puerto Rico,PRI,Market capitalization of listed domestic companies (% of GDP),CM.MKT.LCAP.GD.ZS,,,,,,,,,,,,,,,,,,,,,
"Korea, Dem. People's Rep.",PRK,Market capitalization of listed domestic companies (% of GDP),CM.MKT.LCAP.GD.ZS,,,,,,,,,,,,,,,,,,,,,
Portugal,PRT,Market capitalization of listed domestic companies (% of GDP),CM.MKT.LCAP.GD.ZS,511.619.167.153.418,381.054.645.935.004,317.854.299.029.532,352.757.302.592.295,370.892.347.497.419,339.528.941.680.511,499.085.515.017.207,549.857.207.589.633,26.147.203.213.487,401.553.514.289.654,344.360.446.034.374,25.167.426.486.743,303.014.314.328.822,349.673.413.231.343,251.299.244.856.567,300.095.138.449.697,277.364.196.660.788,341.481.543.891.848,25.559.328.249.358,,
Paraguay,PRY,Market capitalization of listed domestic companies (% of GDP),CM.MKT.LCAP.GD.ZS,,,,,,,,,,,,,,,,,,,,,
West Bank and Gaza,PSE,Market capitalization of listed domestic companies (% of GDP),CM.MKT.LCAP.GD.ZS,10.503.987.388.724,127.961.635.487.174,11.765.284.886.664,116.224.798.387.097,168.890.530.294.801,616.795.754.726.184,361.490.567.096.087,301.478.755.781.763,249.036.988.400.088,293.772.957.196.037,253.049.630.739.038,248.743.529.916.593,234.194.489.040.333,240.278.199.104.732,227.829.045.655.018,23.898.542.841.602,220.060.498.266.841,241.287.822.420.635,229.465.613.211.604,219.307.205.182.829,221.927.412.968.316
Pacific island small states,PSS,Market capitalization of listed domestic companies (% of GDP),CM.MKT.LCAP.GD.ZS,,,,,,,,,,,,,,,,,,,,,
Post-demographic dividend,PST,Market capitalization of listed domestic companies (% of GDP),CM.MKT.LCAP.GD.ZS,111.938.405.353.347,974.158.981.678.855,786.958.266.789.161,932.255.273.790.342,989.382.829.489.821,104.445.796.201.076,119.564.014.808.498,120.252.200.699.983,630.447.353.105.844,906.802.184.464.778,970.799.692.578.711,807.117.852.495.999,939.418.686.028.032,113.621.061.073.412,113.386.488.983.733,118.986.939.119.599,122.722.130.470.751,143.288.489.352.433,122.115.250.001.621,141.367.447.301.353,170.638.323.980.154
French Polynesia,PYF,Market capitalization of listed domestic companies (% of GDP),CM.MKT.LCAP.GD.ZS,,,,,,,,,,,,,,,,,,,,,
Qatar,QAT,Market capitalization of listed domestic companies (% of GDP),CM.MKT.LCAP.GD.ZS,,,,,,,,119.813.998.731.699,663.924.121.806.651,,,,,76.776.550.922.667,901.251.748.275.921,881.392.971.152.391,10.203.760.774.205,810.743.461.515.327,889.341.648.190.308,907.464.816.106.825,114.529.616.069.452
Romania,ROU,Market capitalization of listed domestic companies (% of GDP),CM.MKT.LCAP.GD.ZS,976.519.454.795.021,273.077.578.830.306,54.031.755.955.645,588.689.317.946,146.238.024.133.833,161.067.906.656.455,206.803.805.745.337,175.509.786.392.058,706.870.089.270.552,750.878.785.785.836,835.206.936.180.301,728.085.815.900.557,,12.948.191.970.514,112.094.618.463.142,104.220.282.038.414,975.385.751.946.108,112.403.030.492.171,857.065.941.822.186,10.401.772.403.009,101.499.533.699.919
Russian Federation,RUS,Market capitalization of listed domestic companies (% of GDP),CM.MKT.LCAP.GD.ZS,,,,,,,,,,623.022.526.774.827,62.383.445.017.193,382.983.560.151.723,373.745.817.430.166,33.616.866.740.024,187.412.046.913.793,288.406.966.982.788,487.200.959.900.196,396.026.651.886.973,347.617.414.413.898,467.493.018.967.645,465.307.367.050.156
Rwanda,RWA,Market capitalization of listed domestic companies (% of GDP),CM.MKT.LCAP.GD.ZS,,,,,,,,,,,,,,,,,,,,310.652.436.876.535,
South Asia,SAS,Market capitalization of listed domestic companies (% of GDP),CM.MKT.LCAP.GD.ZS,379.832.683.311.022,245.774.551.842.903,322.003.742.825.266,497.471.203.399.783,55.493.456.152.904,65.656.570.001.322,808.234.600.060.879,13.826.765.419.076,553.293.194.496.697,864.067.207.274.398,918.741.393.463.069,602.008.362.545.162,741.479.151.861.812,640.697.127.233.065,775.245.224.443.466,768.291.029.339.704,693.113.300.113.512,87.548.442.355.524,761.598.691.876.759,722.577.215.416.043,863.027.015.882.334
Saudi Arabia,SAU,Market capitalization of listed domestic companies (% of GDP),CM.MKT.LCAP.GD.ZS,,,,,,,,,,742.799.441.655.502,669.073.659.117.593,500.821.715.859.864,503.302.227.644.528,619.959.890.769.479,630.200.577.058.904,628.931.879.133.936,673.920.646.573.749,631.303.760.939.472,586.301.307.311.893,287.016.563.403.676,330.818.153.167.409
Sudan,SDN,Market capitalization of listed domestic companies (% of GDP),CM.MKT.LCAP.GD.ZS,,,,,,,,,,,,,,,,,,,,,
Senegal,SEN,Market capitalization of listed domestic companies (% of GDP),CM.MKT.LCAP.GD.ZS,,,,,,,,,,,,,,,,,,,,,
Singapore,SGP,Market capitalization of listed domestic companies (% of GDP),CM.MKT.LCAP.GD.ZS,159.067.384.886.632,128.838.048.659.109,109.668.579.363.613,152.082.070.354.736,18.907.120.696.617,201.349.009.366.453,258.557.119.641.529,297.983.553.100.841,136.854.680.120.142,247.873.243.262.115,269.893.673.525.825,214.160.989.106.607,259.266.866.680.001,242.025.501.759.684,239.097.519.054.618,207.778.870.981.435,200.742.124.481.561,22.933.805.111.916,182.359.411.903,185.032.368.492.356,187.321.847.930.543
Solomon Islands,SLB,Market capitalization of listed domestic companies (% of GDP),CM.MKT.LCAP.GD.ZS,,,,,,,,,,,,,,,,,,,,,
Sierra Leone,SLE,Market capitalization of listed domestic companies (% of GDP),CM.MKT.LCAP.GD.ZS,,,,,,,,,,,,,,,,,,,,,
El Salvador,SLV,Market capitalization of listed domestic companies (% of GDP),CM.MKT.LCAP.GD.ZS,,,,,,,,,,,,,,,,,,,,,
San Marino,SMR,Market capitalization of listed domestic companies (% of GDP),CM.MKT.LCAP.GD.ZS,,,,,,,,,,,,,,,,,,,,,
Somalia,SOM,Market capitalization of listed domestic companies (% of GDP),CM.MKT.LCAP.GD.ZS,,,,,,,,,,,,,,,,,,,,,
Serbia,SRB,Market capitalization of listed domestic companies (% of GDP),CM.MKT.LCAP.GD.ZS,,,,634.541.775.112.462,124.699.868.805.279,252.738.246.991.152,488.366.653.480.875,685.709.537.290.635,293.804.937.951.889,316.474.180.760.979,994.359.835.282.385,823.332.005.373.025,,,,,,,,,
Sub-Saharan Africa (excluding high income),SSA,Market capitalization of listed domestic companies (% of GDP),CM.MKT.LCAP.GD.ZS,,,,,101.446.062.610.977,10.786.616.416.638,1.190.953.064.283,,,,,,,,,,,,,,
South Sudan,SSD,Market capitalization of listed domestic companies (% of GDP),CM.MKT.LCAP.GD.ZS,,,,,,,,,,,,,,,,,,,,,
Sub-Saharan Africa,SSF,Market capitalization of listed domestic companies (% of GDP),CM.MKT.LCAP.GD.ZS,,,,,101.446.062.610.977,10.786.616.416.638,1.190.953.064.283,,,,,,,,,,,,,,
Small states,SST,Market capitalization of listed domestic companies (% of GDP),CM.MKT.LCAP.GD.ZS,,,,,,,,,,,,,,,,,,,,,
Sao Tome and Principe,STP,Market capitalization of listed domestic companies (% of GDP),CM.MKT.LCAP.GD.ZS,,,,,,,,,,,,,,,,,,,,,
Suriname,SUR,Market capitalization of listed domestic companies (% of GDP),CM.MKT.LCAP.GD.ZS,,,,,,,,,,,,,,,,,,,,,
Slovak Republic,SVK,Market capitalization of listed domestic companies (% of GDP),CM.MKT.LCAP.GD.ZS,149.159.313.668.355,176.582.688.340.445,262.546.149.448.873,275.967.808.973.044,419.423.256.425.791,391.338.951.652.325,824.029.854.562.016,798.348.164.812.095,533.414.470.154.778,569.559.248.951.522,457.082.092.680.538,54.350.220.642.164,570.396.024.134.454,567.600.686.242.446,530.078.532.842.236,,,,,,
Slovenia,SVN,Market capitalization of listed domestic companies (% of GDP),CM.MKT.LCAP.GD.ZS,152.770.176.737.837,165.799.894.948.397,237.459.602.188.919,240.735.580.792.201,28.118.176.938.778,218.162.559.079.423,384.532.627.879.692,600.403.168.781.222,211.536.591.143.804,240.092.225.356.342,195.575.485.761.598,122.632.521.102.881,139.011.523.676.561,147.233.981.788.189,150.395.662.947.164,139.998.588.565.863,117.552.272.452.513,130.036.160.258.082,134.123.366.854.478,145.832.290.594.274,157.308.757.794.697
Sweden,SWE,Market capitalization of listed domestic companies (% of GDP),CM.MKT.LCAP.GD.ZS,124.922.500.870.125,975.739.510.693.428,671.232.636.130.316,86.702.071.645.899,,,,,,,,,,,,,,,,,
Eswatini,SWZ,Market capitalization of listed domestic companies (% of GDP),CM.MKT.LCAP.GD.ZS,420.172.960.813.154,823.999.155.560.531,103.175.361.251.998,783.810.174.788.634,801.564.489.989.251,617.756.641.316.249,600.061.384.639.447,675.221.269.642.249,,,,,,,,,,,,,
Sint Maarten (Dutch part),SXM,Market capitalization of listed domestic companies (% of GDP),CM.MKT.LCAP.GD.ZS,,,,,,,,,,,,,,,,,,,,,
Seychelles,SYC,Market capitalization of listed domestic companies (% of GDP),CM.MKT.LCAP.GD.ZS,,,,,,,,,,,,,,,,,,,,690.867.738.692.794,
Syrian Arab Republic,SYR,Market capitalization of listed domestic companies (% of GDP),CM.MKT.LCAP.GD.ZS,,,,,,,,,,,,,,,,,,,,,
Turks and Caicos Islands,TCA,Market capitalization of listed domestic companies (% of GDP),CM.MKT.LCAP.GD.ZS,,,,,,,,,,,,,,,,,,,,,
Chad,TCD,Market capitalization of listed domestic companies (% of GDP),CM.MKT.LCAP.GD.ZS,,,,,,,,,,,,,,,,,,,,,
East Asia & Pacific (IDA & IBRD countries),TEA,Market capitalization of listed domestic companies (% of GDP),CM.MKT.LCAP.GD.ZS,,,,388.596.155.151.271,32.598.347.940.715,276.310.469.834.151,477.209.000.450.306,115.728.548.892.852,379.357.952.028.975,684.147.681.064.318,676.190.709.687.989,489.610.850.655.455,494.178.739.149.297,461.109.498.321.251,602.722.981.914.656,725.589.034.418.774,656.994.675.148.285,723.076.168.743.386,492.185.679.059.535,613.248.668.125.835,81.819.719.048.878
Europe & Central Asia (IDA & IBRD countries),TEC,Market capitalization of listed domestic companies (% of GDP),CM.MKT.LCAP.GD.ZS,,,,,,,,,,447.409.094.814.616,4.612.151.048.729,294.713.791.710.498,354.377.595.955.849,284.824.565.777.247,201.612.260.782.954,244.370.188.374.081,324.534.553.718.838,328.157.053.313.984,266.150.805.546.556,342.644.943.275.488,362.853.060.156.445
Togo,TGO,Market capitalization of listed domestic companies (% of GDP),CM.MKT.LCAP.GD.ZS,,,,,,,,,,,,,,,,,,,,,
Thailand,THA,Market capitalization of listed domestic companies (% of GDP),CM.MKT.LCAP.GD.ZS,231.164.538.920.777,298.788.303.209.298,338.823.930.906.212,781.564.999.927.976,667.398.840.289.801,654.373.558.513.477,632.045.264.299.862,74.970.484.654.558,353.926.773.722.288,628.148.361.030.443,814.212.428.013.938,72.404.329.729.294,980.375.182.804.092,843.061.107.013.016,105.667.901.168.648,869.178.360.966.595,104.739.097.365.818,120.255.772.377.633,988.133.927.088.399,104.642.041.573.405,108.533.663.458.058
Tajikistan,TJK,Market capitalization of listed domestic companies (% of GDP),CM.MKT.LCAP.GD.ZS,,,,,,,,,,,,,,,,,,,,,
Turkmenistan,TKM,Market capitalization of listed domestic companies (% of GDP),CM.MKT.LCAP.GD.ZS,,,,,,,,,,,,,,,,,,,,,
Latin America & the Caribbean (IDA & IBRD countries),TLA,Market capitalization of listed domestic companies (% of GDP),CM.MKT.LCAP.GD.ZS,250.171.317.333.035,230.570.216.409.666,1.985.135.635.565,313.956.936.396.888,376.227.106.604.466,41.732.211.799.804,503.317.341.411.854,679.060.576.812.052,3.006.423.922.736,628.022.855.086.588,617.666.379.002.874,435.003.022.492.805,487.354.569.201.395,411.006.566.203.665,3.543.978.576.507,294.888.087.155.327,371.706.494.934.891,421.270.184.438.641,391.681.388.044.192,461.813.601.284.911,523.476.374.583.647
Timor-Leste,TLS,Market capitalization of listed domestic companies (% of GDP),CM.MKT.LCAP.GD.ZS,,,,,,,,,,,,,,,,,,,,,
Middle East & North Africa (IDA & IBRD countries),TMN,Market capitalization of listed domestic companies (% of GDP),CM.MKT.LCAP.GD.ZS,,,,,,,,,,,27.267.167.574.034,203.223.713.831.763,181.678.165.620.987,409.507.445.363.276,231.145.109.731.686,205.826.853.632.337,198.322.125.264.696,228.070.296.688.352,278.369.051.897.595,,15.749.958.894.645
Tonga,TON,Market capitalization of listed domestic companies (% of GDP),CM.MKT.LCAP.GD.ZS,,,,,,,,,,,,,,,,,,,,,
South Asia (IDA & IBRD),TSA,Market capitalization of listed domestic companies (% of GDP),CM.MKT.LCAP.GD.ZS,379.832.683.311.022,245.774.551.842.903,322.003.742.825.266,497.471.203.399.783,55.493.456.152.904,65.656.570.001.322,808.234.600.060.879,13.826.765.419.076,553.293.194.496.697,864.067.207.274.398,918.741.393.463.069,602.008.362.545.162,741.479.151.861.812,640.697.127.233.065,775.245.224.443.466,768.291.029.339.704,693.113.300.113.512,87.548.442.355.524,761.598.691.876.759,722.577.215.416.043,863.027.015.882.334
Sub-Saharan Africa (IDA & IBRD countries),TSS,Market capitalization of listed domestic companies (% of GDP),CM.MKT.LCAP.GD.ZS,,,,,101.446.062.610.977,10.786.616.416.638,1.190.953.064.283,,,,,,,,,,,,,,
Trinidad and Tobago,TTO,Market capitalization of listed domestic companies (% of GDP),CM.MKT.LCAP.GD.ZS,419.223.251.912.731,440.698.725.591.074,,,,,,,,,,,,,,,,,,,
Tunisia,TUN,Market capitalization of listed domestic companies (% of GDP),CM.MKT.LCAP.GD.ZS,,,,,,,,,,,230.526.096.305.682,200.775.239.909.054,,176.654.881.449.659,173.929.872.268.739,192.646.515.313.656,190.491.151.179.578,211.618.663.687.427,195.119.957.852.999,202.913.748.008.649,201.504.931.310.292
Turkiye,TUR,Market capitalization of listed domestic companies (% of GDP),CM.MKT.LCAP.GD.ZS,254.145.937.848.397,239.837.641.059.191,150.027.551.338.682,21.735.528.264.584,240.416.552.668.186,316.003.480.285.003,288.784.853.392.313,417.616.318.035.011,15.261.789.277.998,356.815.379.031.536,389.261.013.415.597,234.952.150.099.055,35.795.288.571.422,204.370.144.886.712,234.055.279.007.568,218.510.747.986.302,197.502.936.306.909,264.860.122.286.765,191.737.989.459.161,24.339.727.426.062,329.692.223.622.231
Tuvalu,TUV,Market capitalization of listed domestic companies (% of GDP),CM.MKT.LCAP.GD.ZS,,,,,,,,,,,,,,,,,,,,,
Tanzania,TZA,Market capitalization of listed domestic companies (% of GDP),CM.MKT.LCAP.GD.ZS,173.056.526.027.709,293.116.203.603.263,,,,,,,,,,,,,,,,,,,981.096.388.403.035
Uganda,UGA,Market capitalization of listed domestic companies (% of GDP),CM.MKT.LCAP.GD.ZS,,,,,,,,,,,,,,,,,,,,,
Ukraine,UKR,Market capitalization of listed domestic companies (% of GDP),CM.MKT.LCAP.GD.ZS,,,,,,,,,,,275.459.461.482.931,151.499.902.147.903,,115.743.871.738.678,917.299.270.687.626,628.312.548.775.633,477.023.035.484.312,463.732.414.698.378,337.336.950.259.538,,
Upper middle income,UMC,Market capitalization of listed domestic companies (% of GDP),CM.MKT.LCAP.GD.ZS,,,,374.484.051.399.951,38.758.272.548.332,390.988.730.793.287,536.175.673.800.705,963.952.650.886.705,362.350.991.920.097,679.789.608.338.379,663.031.126.063.489,466.793.768.648.589,493.078.608.990.658,447.369.127.417.045,506.014.232.015.161,599.147.519.693.345,59.870.276.610.825,652.807.947.594.801,471.112.767.113.718,591.991.338.795.045,769.807.322.322.675
Uruguay,URY,Market capitalization of listed domestic companies (% of GDP),CM.MKT.LCAP.GD.ZS,,,,,,,,,,,,,,,,,,,,,
United States,USA,Market capitalization of listed domestic companies (% of GDP),CM.MKT.LCAP.GD.ZS,147.379.061.960.136,132.146.652.819.017,101.146.635.097.615,124.526.145.193.632,133.612.737.929.627,130.382.734.540.376,141.644.163.028.722,137.639.681.557.832,784.725.069.790.145,104.138.818.334.713,114.848.112.933.717,100.262.689.943.548,11.485.397.505.198,142.697.743.735.073,15.002.603.277.454,137.688.185.444.872,146.306.705.272.649,16.491.321.885.409,14.823.078.992.826,158.509.263.615.347,193.346.370.780.878
Uzbekistan,UZB,Market capitalization of listed domestic companies (% of GDP),CM.MKT.LCAP.GD.ZS,,,,,,,,,,,,,,,,,,,,,
St. Vincent and the Grenadines,VCT,Market capitalization of listed domestic companies (% of GDP),CM.MKT.LCAP.GD.ZS,,,,,,,,,,,,,,,,,,,,,
"Venezuela, RB",VEN,Market capitalization of listed domestic companies (% of GDP),CM.MKT.LCAP.GD.ZS,691.442.113.138.632,505.715.366.540.838,428.404.166.217.622,,,,,,,,,,,,,,,,,,
British Virgin Islands,VGB,Market capitalization of listed domestic companies (% of GDP),CM.MKT.LCAP.GD.ZS,,,,,,,,,,,,,,,,,,,,,
Virgin Islands (U.S.),VIR,Market capitalization of listed domestic companies (% of GDP),CM.MKT.LCAP.GD.ZS,,,,,,,,,,,,,,,,,,,,,
Vietnam,VNM,Market capitalization of listed domestic companies (% of GDP),CM.MKT.LCAP.GD.ZS,,,,,,,,,124.743.294.625.406,31.417.448.863.041,250.371.581.853.916,150.419.280.274.825,187.665.664.382.428,211.163.142.492.247,224.572.091.029.255,245.483.730.135.632,284.804.887.319.681,445.382.661.637.629,427.765.981.299.597,448.064.732.956.543,536.641.886.326.921
Vanuatu,VUT,Market capitalization of listed domestic companies (% of GDP),CM.MKT.LCAP.GD.ZS,,,,,,,,,,,,,,,,,,,,,
World,WLD,Market capitalization of listed domestic companies (% of GDP),CM.MKT.LCAP.GD.ZS,100.700.096.787.596,881.002.232.617.418,723.672.328.571.249,846.117.558.797.768,889.169.184.728.002,922.858.913.074.048,105.771.622.670.919,113.642.268.566.544,559.291.367.116.325,834.637.651.792.656,869.336.008.317.721,684.464.410.153.327,780.275.389.961.168,886.197.592.347.757,899.765.998.641.204,942.724.739.145.905,966.888.210.958.626,110.670.323.525.911,914.272.081.271.619,107.923.054.234.391,132.952.237.437.242
Samoa,WSM,Market capitalization of listed domestic companies (% of GDP),CM.MKT.LCAP.GD.ZS,,,,,,,,,,,,,,,,,,,,,
Kosovo,XKX,Market capitalization of listed domestic companies (% of GDP),CM.MKT.LCAP.GD.ZS,,,,,,,,,,,,,,,,,,,,,
"Yemen, Rep.",YEM,Market capitalization of listed domestic companies (% of GDP),CM.MKT.LCAP.GD.ZS,,,,,,,,,,,,,,,,,,,,,
South Africa,ZAF,Market capitalization of listed domestic companies (% of GDP),CM.MKT.LCAP.GD.ZS,134.627.405.499.524,108.891.404.849.262,140.988.325.304.669,13.234.678.972.974,172.989.724.233.355,190.160.151.824.761,234.066.819.601,248.646.717.861.805,152.689.740.834.009,242.308.999.426.421,221.630.887.622.785,172.203.844.238.365,208.959.958.791.186,23.518.209.117.446,244.998.286.733.782,212.265.471.080.764,293.993.488.633.205,322.710.975.289.918,214.105.810.253.405,271.880.705.520.617,311.453.696.637.805
Zambia,ZMB,Market capitalization of listed domestic companies (% of GDP),CM.MKT.LCAP.GD.ZS,,732.700.698.166.154,,154.155.463.893.343,265.222.777.803.048,302.059.435.505.681,231.448.824.770.365,,,,,135.743.213.898.165,,,,,,,,,
Zimbabwe,ZWE,Market capitalization of listed domestic companies (% of GDP),CM.MKT.LCAP.GD.ZS,,,,,,,,,,,,,,,,,,,,,